instance_id,source_slug,docker_slug,repo_name,repo_owner,repo_full_name,repo_sequence_id,project_name,pr_link,pr_merge_date,base_commit,requirement_doc_link,mapped_file,req_doc_file
arrow_1,Apache-Arrow_PR-240_PR-45459,Apache-Arrow_PR-240_PR-45459,arrow,apache,apache/arrow,1,Apache Arrow,https://github.com/apache/arrow/pull/45459,2025-04-30,f9c18462db2af84a795e393985bbc615873ee3e7,https://github.com/apache/parquet-format/pull/240,Apache-Arrow_PR-240_PR-45459.md,Apache-Arrow_PR-240_PR-45459.md
arrow_2,Apache-Arrow_Issue-45750_PR-45360,Apache-Arrow_Issue-45750_PR-45360,arrow,apache,apache/arrow,2,Apache Arrow,https://github.com/apache/arrow/pull/45360,2025-05-13,12424cdf2fda068e973ebd89cda045fee297943a,https://github.com/apache/arrow/issues/45750,Apache-Arrow_Issue-45750_C-Python-Parquet-Support-Content-Defined-Chunking-of-P_PR-45360.md,Apache-Arrow_Issue-45750_C-Python-Parquet-Support-Content-Defined-Chunking-of-P_PR-45360.md
datafusion_1,Apache-DataFusion_Issue-15797_PR-16170,Apache-DataFusion_Issue-15797_PR-16170,datafusion,apache,apache/datafusion,1,Apache DataFusion,https://github.com/apache/datafusion/pull/16170,2025-06-06,85f6621a6b1680b40d483a56b10ff3495861ece3,https://github.com/apache/datafusion/issues/15797,Apache-DataFusion_Issue-15797_PR-16170.md,Apache-DataFusion_Issue-15797_PR-16170.md
datafusion_2,Apache-DataFusion_Extension-Type-Registry_PR-20312,Apache-DataFusion_Extension-Type-Registry_PR-20312,datafusion,apache,apache/datafusion,2,Apache DataFusion,https://github.com/apache/datafusion/pull/20312,2026-03-30,5fccac12cc6cfa2c10ce231f8486896f0e3fc115,https://github.com/apache/datafusion/pull/20312,Apache-DataFusion_Issue-18223_PR-20312.md,Apache-DataFusion_Issue-18223_PR-20312.md
flink_1,Apache-Flink_FLIP-77-Introduce-ConfigOptions-with-Data-Types_PR-9976,Apache-Flink_FLIP-77-Introduce-ConfigOptions-with-Data-Types_PR-9976,flink,apache,apache/flink,1,Apache Flink,https://github.com/apache/flink/pull/9976,2019-10-29,005bda9be361ffe6c371ebefed32e614cbacd876,https://cwiki.apache.org/confluence/display/FLINK/FLIP-77,Apache-Flink_FLIP-77-Introduce-ConfigOptions-with-Data-Types_PR-9976.md,Apache-Flink_FLIP-77-Introduce-ConfigOptions-with-Data-Types_PR-9976.md
flink_2,Apache-Flink_FLIP-126-Unify-and-separate-Watermark-Assigners_PR-12306,Apache-Flink_FLIP-126-Unify-and-separate-Watermark-Assigners_PR-12306,flink,apache,apache/flink,2,Apache Flink,https://github.com/apache/flink/pull/12306,2020-05-27,3ec768a6c8f37dbe1dbb684e84c9844ad09957d9,https://cwiki.apache.org/confluence/display/FLINK/FLIP-126,Apache-Flink_FLIP-126-Unify-and-separate-Watermark-Assigners_PR-12306.md,Apache-Flink_FLIP-126-Unify-and-separate-Watermark-Assigners_PR-12306.md
flink_3,Apache-Flink_FLIP-198-Working-directory-for-Flink-processes_PR-18083,Apache-Flink_FLIP-198-Working-directory-for-Flink-processes_PR-18083,flink,apache,apache/flink,3,Apache Flink,https://github.com/apache/flink/pull/18083,2022-01-19,50ff5084461c5dda106cefd53afeeff240c5b416,https://cwiki.apache.org/confluence/display/FLINK/FLIP-198,Apache-Flink_FLIP-198-Working-directory-for-Flink-processes_PR-18083.md,Apache-Flink_FLIP-198-Working-directory-for-Flink-processes_PR-18083.md
flink_4,Apache-Flink_FLIP-335-Removing-Flinks-Time-classes_PR-22984,Apache-Flink_FLIP-335-Removing-Flinks-Time-classes_PR-22984,flink,apache,apache/flink,4,Apache Flink,https://github.com/apache/flink/pull/22984,2024-01-08,639deeca33757c7380d474d43b8a70bacb84dd20,https://cwiki.apache.org/confluence/display/FLINK/FLIP-335,Apache-Flink_FLIP-335-Removing-Flinks-Time-classes_PR-22984.md,Apache-Flink_FLIP-335-Removing-Flinks-Time-classes_PR-22984.md
flink_5,Apache-Flink_FLIP-400_AsyncScalarFunction-for-asynchronous-scalar-function-support_PR-23975,Apache-Flink_FLIP-400_AsyncScalarFunction-for-asynchronous-scalar-function-support_PR-23975,flink,apache,apache/flink,5,Apache Flink,https://github.com/apache/flink/pull/23975,2024-01-15,a675d0dd63b409be9d0db169d61a837fc2094049,https://cwiki.apache.org/confluence/display/FLINK/FLIP-400:+AsyncScalarFunction+for+asynchronous+scalar+function+support,Apache-Flink_FLIP-400_AsyncScalarFunction-for-asynchronous-scalar-function-support_PR-23975.md,Apache-Flink_FLIP-400_AsyncScalarFunction-for-asynchronous-scalar-function-support_PR-23975.md
flink_6,Apache-Flink_FLIP-470-Support-Adaptive-Broadcast-Join_PR-25578,Apache-Flink_FLIP-470-Support-Adaptive-Broadcast-Join_PR-25578,flink,apache,apache/flink,6,Apache Flink,https://github.com/apache/flink/pull/25578,2025-01-03,56ba88bf0b4a9fb9956ab81505eefcd9f7074b77,https://cwiki.apache.org/confluence/display/FLINK/FLIP-470,Apache-Flink_FLIP-470-Support-Adaptive-Broadcast-Join_PR-25578.md,Apache-Flink_FLIP-470-Support-Adaptive-Broadcast-Join_PR-25578.md
flink_7,Apache-Flink_FLIP-467-Introduce-Generalized-Watermarks_PR-25731,Apache-Flink_FLIP-467-Introduce-Generalized-Watermarks_PR-25731,flink,apache,apache/flink,7,Apache Flink,https://github.com/apache/flink/pull/25731,2025-01-08,f0c8f18ee09297c4c92b36d8ce7d0e0259f80178,https://cwiki.apache.org/confluence/display/FLINK/FLIP-467,Apache-Flink_FLIP-467-Introduce-Generalized-Watermarks_PR-25731.md,Apache-Flink_FLIP-467-Introduce-Generalized-Watermarks_PR-25731.md
flink_8,Apache-Flink_FLIP-475_Support-Adaptive-Skewed-Join-Optimization_PR-25859,Apache-Flink_FLIP-475_Support-Adaptive-Skewed-Join-Optimization_PR-25859,flink,apache,apache/flink,8,Apache Flink,https://github.com/apache/flink/pull/25859,2025-01-14,fd0222041b1a8512b8da9a9d1a0265d62b4462e0,https://cwiki.apache.org/confluence/display/FLINK/FLIP-475:+Support+Adaptive+Skewed+Join+Optimization,Apache-Flink_FLIP-475_Support-Adaptive-Skewed-Join-Optimization_PR-25859.md,Apache-Flink_FLIP-475_Support-Adaptive-Skewed-Join-Optimization_PR-25859.md
flink_9,Apache-Flink_FLIP-499-Support-Event-Time-by-Generalized-Watermark-in-Data_PR-25978,Apache-Flink_FLIP-499-Support-Event-Time-by-Generalized-Watermark-in-Data_PR-25978,flink,apache,apache/flink,9,Apache Flink,https://github.com/apache/flink/pull/25978,2025-01-17,c4bea91284bf1871e23a4c93fbf9f3b65b1a89d4,https://cwiki.apache.org/confluence/display/FLINK/FLIP-499,Apache-Flink_FLIP-499-Support-Event-Time-by-Generalized-Watermark-in-Data_PR-25978.md,Apache-Flink_FLIP-499-Support-Event-Time-by-Generalized-Watermark-in-Data_PR-25978.md
flink_10,Apache-Flink_FLIP-501-Support-Window-Extension-in-DataStream-V2-API_PR-26001,Apache-Flink_FLIP-501-Support-Window-Extension-in-DataStream-V2-API_PR-26001,flink,apache,apache/flink,10,Apache Flink,https://github.com/apache/flink/pull/26001,2025-01-18,180d587717ba0997c35f89e080974851eea7a938,https://cwiki.apache.org/confluence/display/FLINK/FLIP-501,Apache-Flink_FLIP-501-Support-Window-Extension-in-DataStream-V2-API_PR-26001.md,Apache-Flink_FLIP-501-Support-Window-Extension-in-DataStream-V2-API_PR-26001.md
flink_11,Apache-Flink_FLIP-498_AsyncTableFunction-for-async-table-function-support_PR-26567,Apache-Flink_FLIP-498_AsyncTableFunction-for-async-table-function-support_PR-26567,flink,apache,apache/flink,11,Apache Flink,https://github.com/apache/flink/pull/26567,2025-07-20,7309fe832cb303c9adf6bfb441790e3d293908fe,https://cwiki.apache.org/confluence/display/FLINK/FLIP-498:+AsyncTableFunction+for+async+table+function+support,Apache-Flink_FLIP-498_AsyncTableFunction-for-async-table-function-support_PR-26567.md,Apache-Flink_FLIP-498_AsyncTableFunction-for-async-table-function-support_PR-26567.md
flink_12,Apache-Flink_FLIP-486-Introduce-A-New-DeltaJoin_PR-27099,Apache-Flink_FLIP-486-Introduce-A-New-DeltaJoin_PR-27099,flink,apache,apache/flink,12,Apache Flink,https://github.com/apache/flink/pull/27099,2025-10-22,1a7c0f1bcdc92d550d38a85fee1900572e6aaac5,https://cwiki.apache.org/confluence/display/FLINK/FLIP-486,Apache-Flink_FLIP-486-Introduce-A-New-DeltaJoin_PR-27099.md,Apache-Flink_FLIP-486-Introduce-A-New-DeltaJoin_PR-27099.md
flink_13,Apache-Flink_FLINK-39261-FROM_CHANGELOG-built-in-process-table-function_PR-27901,Apache-Flink_FLINK-39261-FROM_CHANGELOG-built-in-process-table-function_PR-27901,flink,apache,apache/flink,13,Apache Flink,https://github.com/apache/flink/pull/27901,2026-04-20,bab97bb7542248a9dd113fa1c92c1174d203d882,https://issues.apache.org/jira/browse/FLINK-39261,Apache-Flink_FLINK-39261_PR-27901.md,Apache-Flink_FLINK-39261_PR-27901.md
iceberg_1,Apache-Iceberg_PR-10179_IcebergSink-V2,Apache-Iceberg_PR-10179_IcebergSink-V2,iceberg,apache,apache/iceberg,1,Apache Iceberg,https://github.com/apache/iceberg/pull/10179,2024-08-26,9aa354d2224eb78c19c773227693df117954312b,https://github.com/apache/iceberg/pull/10179,Apache-Iceberg_FLIP-143_Unified-Sink-API_PR-10179.md,Apache-Iceberg_FLIP-143_Unified-Sink-API_PR-10179.md
kafka_1,Apache-Kafka_KIP-470_TopologyTestDriver-test-input-and-output-usability-improvements_PR-7378,Apache-Kafka_KIP-470_TopologyTestDriver-test-input-and-output-usability-improvements_PR-7378,kafka,apache,apache/kafka,1,Apache Kafka,https://github.com/apache/kafka/pull/7378,2019-10-07,0de61a4683b92bdee803c51211c3277578ab3edf,https://cwiki.apache.org/confluence/display/KAFKA/KIP-470%3A+TopologyTestDriver+test+input+and+output+usability+improvements,Apache-Kafka_KIP-470_TopologyTestDriver-test-input-and-output-usability-improvements_PR-7378.md,Apache-Kafka_KIP-470_TopologyTestDriver-test-input-and-output-usability-improvements_PR-7378.md
kafka_2,Apache-Kafka_KIP-769-Connect-APIs-to-list-all-connector-plugins-and-retri_PR-11572,Apache-Kafka_KIP-769-Connect-APIs-to-list-all-connector-plugins-and-retri_PR-11572,kafka,apache,apache/kafka,2,Apache Kafka,https://github.com/apache/kafka/pull/11572,2022-03-03,066cdc8c621dfc4d26e12ee539368d6c1eb2707f,https://cwiki.apache.org/confluence/display/KAFKA/KIP-769,Apache-Kafka_KIP-769-Connect-APIs-to-list-all-connector-plugins-and-retri_PR-11572.md,Apache-Kafka_KIP-769-Connect-APIs-to-list-all-connector-plugins-and-retri_PR-11572.md
kafka_3,Apache-Kafka_KIP-820-Extend-KStream-process-with-new-Processor-API_PR-11993,Apache-Kafka_KIP-820-Extend-KStream-process-with-new-Processor-API_PR-11993,kafka,apache,apache/kafka,3,Apache Kafka,https://github.com/apache/kafka/pull/11993,2022-04-19,9ec232fde850fc410d4adb07e1f259cab21336ad,https://cwiki.apache.org/confluence/display/KAFKA/KIP-820,Apache-Kafka_KIP-820-Extend-KStream-process-with-new-Processor-API_PR-11993.md,Apache-Kafka_KIP-820-Extend-KStream-process-with-new-Processor-API_PR-11993.md
kafka_4,Apache-Kafka_KIP-787-MM2-manage-Kafka-resources-with-custom-Admin-impleme_PR-12577,Apache-Kafka_KIP-787-MM2-manage-Kafka-resources-with-custom-Admin-impleme_PR-12577,kafka,apache,apache/kafka,4,Apache Kafka,https://github.com/apache/kafka/pull/12577,2022-11-15,a55071a99fabc9a706afa0e9acddf898c7cd05c4,https://cwiki.apache.org/confluence/display/KAFKA/KIP-787,Apache-Kafka_KIP-787-MM2-manage-Kafka-resources-with-custom-Admin-impleme_PR-12577.md,Apache-Kafka_KIP-787-MM2-manage-Kafka-resources-with-custom-Admin-impleme_PR-12577.md
kafka_5,Apache-Kafka_KIP-980_Allow-creating-connectors-in-a-stopped-state_PR-14704,Apache-Kafka_KIP-980_Allow-creating-connectors-in-a-stopped-state_PR-14704,kafka,apache,apache/kafka,5,Apache Kafka,https://github.com/apache/kafka/pull/14704,2023-11-15,83b7c9a053546e59546d8ff904025a21bd41daa7,https://cwiki.apache.org/confluence/display/KAFKA/KIP-980%3A+Allow+creating+connectors+in+a+stopped+state,Apache-Kafka_KIP-980_Allow-creating-connectors-in-a-stopped-state_PR-14704.md,Apache-Kafka_KIP-980_Allow-creating-connectors-in-a-stopped-state_PR-14704.md
kafka_6,Apache-Kafka_KIP-954-expand-default-DSL-store-configuration-to-custom-typ_PR-14648,Apache-Kafka_KIP-954-expand-default-DSL-store-configuration-to-custom-typ_PR-14648,kafka,apache,apache/kafka,6,Apache Kafka,https://github.com/apache/kafka/pull/14648,2023-11-21,24aa9e0f411d8eaa773f24efc7d34091ea43a503,https://cwiki.apache.org/confluence/display/KAFKA/KIP-954,Apache-Kafka_KIP-954-expand-default-DSL-store-configuration-to-custom-typ_PR-14648.md,Apache-Kafka_KIP-954-expand-default-DSL-store-configuration-to-custom-typ_PR-14648.md
kafka_7,Apache-Kafka_KIP-1241-Reduce-tiered-storage-redundancy-with-delayed-upload_PR-20913,Apache-Kafka_KIP-1241-Reduce-tiered-storage-redundancy-with-delayed-upload_PR-20913,kafka,apache,apache/kafka,7,Apache Kafka,https://github.com/apache/kafka/pull/20913,2026-05-22,c5f16d2790d36641fa05a9f0c9f1bb7a6046e2b0,https://cwiki.apache.org/confluence/display/KAFKA/KIP-1241%3A+Reduce+tiered+storage+redundancy+with+delayed+upload,Apache-Kafka_KIP-1241-Reduce-tiered-storage-redundancy_PR-20913.md,Apache-Kafka_KIP-1241-Reduce-tiered-storage-redundancy_PR-20913.md
aspnetcore_1,ASP.NET-Core_Issue-62883_PR-62816,ASP.NET-Core_Issue-62883_PR-62816,aspnetcore,dotnet,dotnet/aspnetcore,1,ASP.NET Core,https://github.com/dotnet/aspnetcore/pull/62816,2025-07-24,c56ce2f92858158819569e11d4131c09fd847764,https://github.com/dotnet/aspnetcore/issues/62883,ASP.NET-Core_Issue-62883_PR-62816.md,ASP.NET-Core_Issue-62883_PR-62816.md
cargo_1,Cargo_RFC-3553-SBOM-support_PR-13709,Cargo_RFC-3553-SBOM-support_PR-13709,cargo,rust-lang,rust-lang/cargo,1,Cargo,https://github.com/rust-lang/cargo/pull/13709,2025-02-26,392d68bff462015e8e7d8588333a09b08b4a10a6,https://github.com/rust-lang/rfcs/pull/3553,Cargo_PR-3553_PR-13709.md,Cargo_PR-3553_PR-13709.md
cert-manager_1,cert-manager_certificate-renewal-control_PR-8258,cert-manager_certificate-renewal-control_PR-8258,cert-manager,cert-manager,cert-manager/cert-manager,1,cert-manager,https://github.com/cert-manager/cert-manager/pull/8258,2026-03-23,788c2f25fe3542e0163cd8d295efd215b3ccbe3b,https://github.com/cert-manager/cert-manager/pull/8258,cert-manager_certificate-renewal-control_PR-8258.md,cert-manager_certificate-renewal-control_PR-8258.md
cpython_1,CPython_PEP-617_New-PEG-parser-for-CPython_PR-19503,CPython_PEP-617_New-PEG-parser-for-CPython_PR-19503,cpython,python,python/cpython,1,CPython,https://github.com/python/cpython/pull/19503,2020-04-22,a81849b0315277bb3937271174aaaa5059c0b445,https://peps.python.org/pep-0617/,CPython_PEP-617_New-PEG-parser-for-CPython_PR-19503.md,CPython_PEP-617_New-PEG-parser-for-CPython_PR-19503.md
cpython_2,CPython_PEP-615_Support-for-the-IANA-Time-Zone-Database-in-the-Standard-Library_PR-19909,CPython_PEP-615_Support-for-the-IANA-Time-Zone-Database-in-the-Standard-Library_PR-19909,cpython,python,python/cpython,2,CPython,https://github.com/python/cpython/pull/19909,2020-05-16,6e8cda91d92da72800d891b2fc2073ecbc134d98,https://peps.python.org/pep-0615/,CPython_PEP-615_Support-for-the-IANA-Time-Zone-Database-in-the-Standard-Library_PR-19909.md,CPython_PEP-615_Support-for-the-IANA-Time-Zone-Database-in-the-Standard-Library_PR-19909.md
cpython_3,CPython_PEP-634_Structural-Pattern-Matching_PR-22917,CPython_PEP-634_Structural-Pattern-Matching_PR-22917,cpython,python,python/cpython,3,CPython,https://github.com/python/cpython/pull/22917,2021-02-26,cc02b4f2e810ab524d845daa18bc94df5b092dd8,https://peps.python.org/pep-0634/,CPython_PEP-634_Structural-Pattern-Matching-Specification_PR-22917.md,CPython_PEP-634_Structural-Pattern-Matching-Specification_PR-22917.md
cpython_4,CPython_PEP-654_Exception-Groups-and-except_PR-29581,CPython_PEP-654_Exception-Groups-and-except_PR-29581,cpython,python,python/cpython,4,CPython,https://github.com/python/cpython/pull/29581,2021-12-14,850aefc2c651110a784cd5478af9774b1f6287a3,https://peps.python.org/pep-0654/,CPython_PEP-654_Exception-Groups-and-except_PR-29581.md,CPython_PEP-654_Exception-Groups-and-except_PR-29581.md
cpython_5,CPython_PEP-680_tomllib-Support-for-Parsing-TOML-in-the-Standard-Library_PR-31498,CPython_PEP-680_tomllib-Support-for-Parsing-TOML-in-the-Standard-Library_PR-31498,cpython,python,python/cpython,5,CPython,https://github.com/python/cpython/pull/31498,2022-03-08,0b5a573ce8e8e90daad4d24b215aabb7356f4fce,https://peps.python.org/pep-0680/,CPython_PEP-680_tomllib-Support-for-Parsing-TOML-in-the-Standard-Library_PR-31498.md,CPython_PEP-680_tomllib-Support-for-Parsing-TOML-in-the-Standard-Library_PR-31498.md
cpython_6,CPython_PEP-646_Variadic-Generics_PR-31018,CPython_PEP-646_Variadic-Generics_PR-31018,cpython,python,python/cpython,6,CPython,https://github.com/python/cpython/pull/31018,2022-03-26,26cca8067bf5306e372c0e90036d832c5021fd90,https://peps.python.org/pep-0646/,CPython_PEP-646_Variadic-Generics_PR-31018.md,CPython_PEP-646_Variadic-Generics_PR-31018.md
cpython_7,CPython_PEP-669_Low-Impact-Monitoring-for-CPython_PR-103083,CPython_PEP-669_Low-Impact-Monitoring-for-CPython_PR-103083,cpython,python,python/cpython,7,CPython,https://github.com/python/cpython/pull/103083,2023-04-12,dce2d38cb04b541bad477ccc1040a68fa70a9a69,https://peps.python.org/pep-0669/,CPython_PEP-669_Low-Impact-Monitoring-for-CPython_PR-103083.md,CPython_PEP-669_Low-Impact-Monitoring-for-CPython_PR-103083.md
cpython_8,CPython_PEP-701_Syntactic-formalization-of-f-strings_PR-102855,CPython_PEP-701_Syntactic-formalization-of-f-strings_PR-102855,cpython,python,python/cpython,8,CPython,https://github.com/python/cpython/pull/102855,2023-04-19,a6b07b5a345f7f54ee9f6d75e81d2fb55971b35c,https://peps.python.org/pep-0701/,CPython_PEP-701_Syntactic-formalization-of-f-strings_PR-102855.md,CPython_PEP-701_Syntactic-formalization-of-f-strings_PR-102855.md
cpython_9,CPython_PEP-709_Inlined-comprehensions_PR-101441,CPython_PEP-709_Inlined-comprehensions_PR-101441,cpython,python,python/cpython,9,CPython,https://github.com/python/cpython/pull/101441,2023-05-09,0aeda297931820436a50b78f4f7f0597274b5df4,https://peps.python.org/pep-0709/,CPython_PEP-709_Inlined-comprehensions_PR-101441.md,CPython_PEP-709_Inlined-comprehensions_PR-101441.md
cpython_10,CPython_PEP-695_Type-Parameter-Syntax_PR-103764,CPython_PEP-695_Type-Parameter-Syntax_PR-103764,cpython,python,python/cpython,10,CPython,https://github.com/python/cpython/pull/103764,2023-05-16,fdafdc235e74f2f4fedc1f745bf8b90141daa162,https://peps.python.org/pep-0695/,CPython_PEP-695_Type-Parameter-Syntax_PR-103764.md,CPython_PEP-695_Type-Parameter-Syntax_PR-103764.md
cpython_11,CPython_PEP-696_Type-Defaults-for-Type-Parameters_PR-116129,CPython_PEP-696_Type-Defaults-for-Type-Parameters_PR-116129,cpython,python,python/cpython,11,CPython,https://github.com/python/cpython/pull/116129,2024-05-03,852263e1086748492602a90347ecc0a3925e1dda,https://peps.python.org/pep-0696/,CPython_PEP-696_Type-Defaults-for-Type-Parameters_PR-116129.md,CPython_PEP-696_Type-Defaults-for-Type-Parameters_PR-116129.md
cpython_12,CPython_PEP-649_Deferred-Evaluation-Of-Annotations-Using-Descriptors_PR-119891,CPython_PEP-649_Deferred-Evaluation-Of-Annotations-Using-Descriptors_PR-119891,cpython,python,python/cpython,12,CPython,https://github.com/python/cpython/pull/119891,2024-07-23,64e221d7ada8f6c20189035c7e81503f4c914f04,https://peps.python.org/pep-0649/,CPython_PEP-649_Deferred-Evaluation-Of-Annotations-Using-Descriptors_PR-119891.md,CPython_PEP-649_Deferred-Evaluation-Of-Annotations-Using-Descriptors_PR-119891.md
cpython_13,CPython_PEP-750_Template-Strings_PR-132662,CPython_PEP-750_Template-Strings_PR-132662,cpython,python,python/cpython,13,CPython,https://github.com/python/cpython/pull/132662,2025-04-30,5ea9010e8910cb97555c3aef4ed95cca93a74aab,https://peps.python.org/pep-0750/,CPython_PEP-750_Template-Strings_PR-132662.md,CPython_PEP-750_Template-Strings_PR-132662.md
cpython_14,CPython_PEP-791_math-integer-submodule-for-integer-specific-mathematics-functions_PR-133909,CPython_PEP-791_math-integer-submodule-for-integer-specific-mathematics-functions_PR-133909,cpython,python,python/cpython,14,CPython,https://github.com/python/cpython/pull/133909,2025-10-31,680a5d070f59798bb88a1bb6eb027482b8d85c34,https://peps.python.org/pep-0791/,CPython_PEP-791_math-integer-submodule-for-integer-specific-mathematics-functions_PR-133909.md,CPython_PEP-791_math-integer-submodule-for-integer-specific-mathematics-functions_PR-133909.md
cpython_15,CPython_PEP-793_PyModExport-A-new-entry-point-for-C-extension-modules_PR-140556,CPython_PEP-793_PyModExport-A-new-entry-point-for-C-extension-modules_PR-140556,cpython,python,python/cpython,15,CPython,https://github.com/python/cpython/pull/140556,2025-11-05,f2bce51b984f52db14d90f7bbd0b7df00b7c5637,https://peps.python.org/pep-0793/,CPython_PEP-793_PyModExport-A-new-entry-point-for-C-extension-modules_PR-140556.md,CPython_PEP-793_PyModExport-A-new-entry-point-for-C-extension-modules_PR-140556.md
cpython_16,CPython_PEP-798-Unpacking-In-Subscripts_PR-143056,CPython_PEP-798-Unpacking-In-Subscripts_PR-143056,cpython,python,python/cpython,16,CPython,https://github.com/python/cpython/pull/143056,2026-01-31,5f57f6970bdea45cc2b192d612bfd8199f51491e,https://peps.python.org/pep-0798/,CPython_PEP-0798_PR-143056.md,CPython_PEP-0798_PR-143056.md
cpython_17,CPython_PEP-810_Explicit-lazy-imports_PR-142351,CPython_PEP-810_Explicit-lazy-imports_PR-142351,cpython,python,python/cpython,17,CPython,https://github.com/python/cpython/pull/142351,2026-02-12,cac0c98450c27dbb6e185ab1c05e1d51d34135d9,https://peps.python.org/pep-0810/,CPython_PEP-810_Explicit-lazy-imports_PR-142351.md,CPython_PEP-810_Explicit-lazy-imports_PR-142351.md
cpython_18,CPython_PEP-820-PySlot-Unified-Slot-System_PR-149055,CPython_PEP-820-PySlot-Unified-Slot-System_PR-149055,cpython,python,python/cpython,18,CPython,https://github.com/python/cpython/pull/149055,2026-05-05,5dd21617164cf69e848a70e3d7e32faf0bc3f279,https://peps.python.org/pep-0820/,CPython_PEP-0820_PR-149055.md,CPython_PEP-0820_PR-149055.md
django_1,Django_DEP-0201-Simplified-routing-syntax_PR-7482,Django_DEP-0201-Simplified-routing-syntax_PR-7482,django,django,django/django,1,Django,https://github.com/django/django/pull/7482,2017-09-20,c4c128d67c7dc2830631c6859a204c9d259f1fb1,https://github.com/django/deps/blob/main/final/0201-simplified-routing-syntax.rst,Django_DEP-0201-Simplified-routing-syntax_PR-7482.md,Django_DEP-0201-Simplified-routing-syntax_PR-7482.md
duckdb_1,DuckDB_Expressions-In-Create-Secret_PR-15801,DuckDB_Expressions-In-Create-Secret_PR-15801,duckdb,duckdb,duckdb/duckdb,1,DuckDB,https://github.com/duckdb/duckdb/pull/15801,2025-03-28,77849ba91ccecd52dd1f082034d7953818d5ea30,https://github.com/duckdb/duckdb/issues/14829,DuckDB_Issue-14829_ENV-var-interpolation-does-not-work-with-EXTRA_HTTP_HEADERS_PR-15801.md,DuckDB_Issue-14829_ENV-var-interpolation-does-not-work-with-EXTRA_HTTP_HEADERS_PR-15801.md
fastapi_1,FastAPI_PEP-593_Flexible-function-and-variable-annotations_PR-4871,FastAPI_PEP-593_Flexible-function-and-variable-annotations_PR-4871,fastapi,fastapi,fastapi/fastapi,1,FastAPI,https://github.com/fastapi/fastapi/pull/4871,2023-03-17,ef176c663195489b44030bfe1fb94a317762c8d5,https://peps.python.org/pep-0593/,FastAPI_PEP-593_Flexible-function-and-variable-annotations_PR-4871.md,FastAPI_PEP-593_Flexible-function-and-variable-annotations_PR-4871.md
grpc-go_1,gRPC-Go_A76-ring-hash-improvements_PR-8159,gRPC-Go_A76-ring-hash-improvements_PR-8159,grpc-go,grpc,grpc/grpc-go,1,gRPC-Go,https://github.com/grpc/grpc-go/pull/8159,2025-04-08,a51009d1d7074ee1efcd323578064cbe44ef87e5,https://github.com/grpc/grpc-go/pull/8159,gRPC-Go_A76-ring-hash-improvements_PR-8159.md,gRPC-Go_A76-ring-hash-improvements_PR-8159.md
kubernetes_1,Kubernetes_KEP-3866_nftables-proxy_PR-121046,Kubernetes_KEP-3866_nftables-proxy_PR-121046,kubernetes,kubernetes,kubernetes/kubernetes,1,Kubernetes,https://github.com/kubernetes/kubernetes/pull/121046,2023-11-01,3631efd85c1a772b518ad49fb20bb5b5454e6b90,https://github.com/kubernetes/enhancements/blob/master/keps/sig-network/3866-nftables-proxy/README.md,Kubernetes_KEP-3866_nftables-proxy_PR-121046.md,Kubernetes_KEP-3866_nftables-proxy_PR-121046.md
kubernetes_2,Kubernetes_KEP-4358_custom-resource-field-selectors_PR-122717,Kubernetes_KEP-4358_custom-resource-field-selectors_PR-122717,kubernetes,kubernetes,kubernetes/kubernetes,2,Kubernetes,https://github.com/kubernetes/kubernetes/pull/122717,2024-02-29,54f9807e1e84981b2053f4daf779f5ed19962144,https://github.com/kubernetes/enhancements/blob/master/keps/sig-api-machinery/4358-custom-resource-field-selectors/README.md,Kubernetes_KEP-4358_custom-resource-field-selectors_PR-122717.md,Kubernetes_KEP-4358_custom-resource-field-selectors_PR-122717.md
kubernetes_3,Kubernetes_KEP-4960_container-stop-signals_PR-130556,Kubernetes_KEP-4960_container-stop-signals_PR-130556,kubernetes,kubernetes,kubernetes/kubernetes,3,Kubernetes,https://github.com/kubernetes/kubernetes/pull/130556,2025-03-24,62555cadc741a8aef31acab05e9ed60f897edb1b,https://github.com/kubernetes/enhancements/blob/master/keps/sig-node/4960-container-stop-signals/README.md,Kubernetes_KEP-4960_container-stop-signals_PR-130556.md,Kubernetes_KEP-4960_container-stop-signals_PR-130556.md
kubernetes_4,Kubernetes_KEP-4762_allow-arbitrary-fqdn-as-pod-hostname_PR-132558,Kubernetes_KEP-4762_allow-arbitrary-fqdn-as-pod-hostname_PR-132558,kubernetes,kubernetes,kubernetes/kubernetes,4,Kubernetes,https://github.com/kubernetes/kubernetes/pull/132558,2025-07-23,49af85d86a1a265e53753edee1a1214e29cbbabd,https://github.com/kubernetes/kubernetes/pull/132558,Kubernetes_KEP-4762_allow-arbitrary-fqdn-as-pod-hostname_PR-132558.md,Kubernetes_KEP-4762_allow-arbitrary-fqdn-as-pod-hostname_PR-132558.md
kubernetes_5,Kubernetes_KEP-5075_dra-consumable-capacity_PR-132522,Kubernetes_KEP-5075_dra-consumable-capacity_PR-132522,kubernetes,kubernetes,kubernetes/kubernetes,5,Kubernetes,https://github.com/kubernetes/kubernetes/pull/132522,2025-07-30,91731d05e2291f933083e38dc2ba8ba7ccc52fee,https://github.com/kubernetes/enhancements/blob/master/keps/sig-node/5075-consumable-capacity/README.md,Kubernetes_KEP-5075_dra-consumable-capacity_PR-132522.md,Kubernetes_KEP-5075_dra-consumable-capacity_PR-132522.md
kubernetes_6,Kubernetes_KEP-4020_unknown-version-interoperability-proxy_PR-133648,Kubernetes_KEP-4020_unknown-version-interoperability-proxy_PR-133648,kubernetes,kubernetes,kubernetes/kubernetes,6,Kubernetes,https://github.com/kubernetes/kubernetes/pull/133648,2025-11-06,36274643006a56b522459d1354e6fcaa42fc7093,https://github.com/kubernetes/enhancements/blob/master/keps/sig-api-machinery/4020-unknown-version-interoperability-proxy/README.md,Kubernetes_KEP-4020_unknown-version-interoperability-proxy_PR-133648.md,Kubernetes_KEP-4020_unknown-version-interoperability-proxy_PR-133648.md
kubernetes_7,Kubernetes_KEP-5598_opportunistic-batching_PR-135231,Kubernetes_KEP-5598_opportunistic-batching_PR-135231,kubernetes,kubernetes,kubernetes/kubernetes,7,Kubernetes,https://github.com/kubernetes/kubernetes/pull/135231,2025-11-13,173523550ab112ca956d74238e050a0a2ce2a5e3,https://github.com/kubernetes/enhancements/blob/master/keps/sig-scheduling/5598-opportunistic-batching/README.md,Kubernetes_KEP-5598_opportunistic-batching_PR-135231.md,Kubernetes_KEP-5598_opportunistic-batching_PR-135231.md
kueue_1,Kueue_KEP-6915_scheduling-gated-by-annotation_PR-9792,Kueue_KEP-6915_scheduling-gated-by-annotation_PR-9792,kueue,kubernetes-sigs,kubernetes-sigs/kueue,1,Kueue,https://github.com/kubernetes-sigs/kueue/pull/9792,2026-03-17,1f6cf9a6c0c1c01216ac295e8d616f63cea565b6,https://github.com/kubernetes-sigs/kueue/pull/9792,Kueue_KEP-6915_scheduling-gated-by-annotation_PR-9792.md,Kueue_KEP-6915_scheduling-gated-by-annotation_PR-9792.md
mypy_1,Mypy_PEP-747-TypeForm_PR-19596,Mypy_PEP-747-TypeForm_PR-19596,mypy,python,python/mypy,1,Mypy,https://github.com/python/mypy/pull/19596,2025-11-03,b266dd1a238e867e6b135c54664a76dae5a00fcb,https://peps.python.org/pep-0747/,Mypy_PEP-0747_PR-19596.md,Mypy_PEP-0747_PR-19596.md
numpy_1,NumPy_NEP-19_NEP-19-Random-number-generator-policy_PR-13163,NumPy_NEP-19_NEP-19-Random-number-generator-policy_PR-13163,numpy,numpy,numpy/numpy,1,NumPy,https://github.com/numpy/numpy/pull/13163,2019-05-28,c9b25c939e0c64131b786a1922fe4c1f83db3e77,https://numpy.org/neps/nep-0019-rng-policy.html,NumPy_NEP-19_NEP-19-Random-number-generator-policy_PR-13163.md,NumPy_NEP-19_NEP-19-Random-number-generator-policy_PR-13163.md
numpy_2,NumPy_NEP-55_string-dtype_PR-25347,NumPy_NEP-55_string-dtype_PR-25347,numpy,numpy,numpy/numpy,2,NumPy,https://github.com/numpy/numpy/pull/25347,2024-02-07,41e500bf1ece6ee0c987c6cd37379f56d581d98c,https://numpy.org/neps/nep-0055-string-dtype.html,NumPy_NEP-55_string-dtype_PR-25347.md,NumPy_NEP-55_string-dtype_PR-25347.md
jdk_1,OpenJDK_JEP-387_Elastic-Metaspace_PR-336,OpenJDK_JEP-387_Elastic-Metaspace_PR-336,jdk,openjdk,openjdk/jdk,1,OpenJDK,https://github.com/openjdk/jdk/pull/336,2020-10-20,0b3e6c51bae47421d2fa3520b3eb6af22c668cc4,https://openjdk.org/jeps/387,OpenJDK_JEP-387_Elastic-Metaspace_PR-336.md,OpenJDK_JEP-387_Elastic-Metaspace_PR-336.md
jdk_2,OpenJDK_JEP-408_Simple-Web-Server_PR-5505,OpenJDK_JEP-408_Simple-Web-Server_PR-5505,jdk,openjdk,openjdk/jdk,2,OpenJDK,https://github.com/openjdk/jdk/pull/5505,2021-10-19,947d52c4c3deec1bdea43959c200201c614ae114,https://openjdk.org/jeps/408,OpenJDK_JEP-408_Simple-Web-Server_PR-5505.md,OpenJDK_JEP-408_Simple-Web-Server_PR-5505.md
jdk_3,OpenJDK_JEP-431_Sequenced-Collections_PR-7387,OpenJDK_JEP-431_Sequenced-Collections_PR-7387,jdk,openjdk,openjdk/jdk,3,OpenJDK,https://github.com/openjdk/jdk/pull/7387,2023-04-25,bad6aa68e4d491e819ab22e91dd5d65bb094120e,https://openjdk.org/jeps/431,OpenJDK_JEP-431_Sequenced-Collections_PR-7387.md,OpenJDK_JEP-431_Sequenced-Collections_PR-7387.md
jdk_4,OpenJDK_JEP-443_Unnamed-Patterns-and-Variables-Preview_PR-13528,OpenJDK_JEP-443_Unnamed-Patterns-and-Variables-Preview_PR-13528,jdk,openjdk,openjdk/jdk,4,OpenJDK,https://github.com/openjdk/jdk/pull/13528,2023-05-22,eaa80ad08c949a05abcfa48897654ed52139145b,https://openjdk.org/jeps/443,OpenJDK_JEP-443_Unnamed-Patterns-and-Variables-Preview_PR-13528.md,OpenJDK_JEP-443_Unnamed-Patterns-and-Variables-Preview_PR-13528.md
jdk_5,OpenJDK_JEP-451_Prepare-to-Disallow-the-Dynamic-Loading-of-Agents_PR-13899,OpenJDK_JEP-451_Prepare-to-Disallow-the-Dynamic-Loading-of-Agents_PR-13899,jdk,openjdk,openjdk/jdk,5,OpenJDK,https://github.com/openjdk/jdk/pull/13899,2023-06-02,325940b0919e649e84358db35a55b3ac5dfe0acf,https://openjdk.org/jeps/451,OpenJDK_JEP-451_Prepare-to-Disallow-the-Dynamic-Loading-of-Agents_PR-13899.md,OpenJDK_JEP-451_Prepare-to-Disallow-the-Dynamic-Loading-of-Agents_PR-13899.md
jdk_6,OpenJDK_JEP-445_Unnamed-Classes-and-Instance-Main-Methods-Preview_PR-13689,OpenJDK_JEP-445_Unnamed-Classes-and-Instance-Main-Methods-Preview_PR-13689,jdk,openjdk,openjdk/jdk,6,OpenJDK,https://github.com/openjdk/jdk/pull/13689,2023-06-05,5cd8af7622a93afb32f5f3fccdc453096992453c,https://openjdk.org/jeps/445,OpenJDK_JEP-445_Unnamed-Classes-and-Instance-Main-Methods-Preview_PR-13689.md,OpenJDK_JEP-445_Unnamed-Classes-and-Instance-Main-Methods-Preview_PR-13689.md
jdk_7,OpenJDK_JEP-454_Foreign-Function-amp-Memory-API_PR-15103,OpenJDK_JEP-454_Foreign-Function-amp-Memory-API_PR-15103,jdk,openjdk,openjdk/jdk,7,OpenJDK,https://github.com/openjdk/jdk/pull/15103,2023-10-12,b3cc0c84316dd59f406a6fa23fcaf3d029910843,https://openjdk.org/jeps/454,OpenJDK_JEP-454_Foreign-Function-amp-Memory-API_PR-15103.md,OpenJDK_JEP-454_Foreign-Function-amp-Memory-API_PR-15103.md
jdk_8,OpenJDK_JEP-423_Region-Pinning-for-G1_PR-16342,OpenJDK_JEP-423_Region-Pinning-for-G1_PR-16342,jdk,openjdk,openjdk/jdk,8,OpenJDK,https://github.com/openjdk/jdk/pull/16342,2023-11-29,45e68ae2079336cea45dcbc39189639c06a05e0c,https://openjdk.org/jeps/423,OpenJDK_JEP-423_Region-Pinning-for-G1_PR-16342.md,OpenJDK_JEP-423_Region-Pinning-for-G1_PR-16342.md
jdk_9,OpenJDK_JEP-461_Stream-Gatherers-Preview_PR-16420,OpenJDK_JEP-461_Stream-Gatherers-Preview_PR-16420,jdk,openjdk,openjdk/jdk,9,OpenJDK,https://github.com/openjdk/jdk/pull/16420,2023-11-30,04ad98ed32cf899404a3ae13e24407e53be7ebc6,https://openjdk.org/jeps/461,OpenJDK_JEP-461_Stream-Gatherers-Preview_PR-16420.md,OpenJDK_JEP-461_Stream-Gatherers-Preview_PR-16420.md
jdk_10,OpenJDK_JEP-457_Class-File-API-Preview_PR-15706,OpenJDK_JEP-457_Class-File-API-Preview_PR-15706,jdk,openjdk,openjdk/jdk,10,OpenJDK,https://github.com/openjdk/jdk/pull/15706,2023-12-04,b9df827adc92cb1fc65f6b1efdf82dcae00a4e2d,https://openjdk.org/jeps/457,OpenJDK_JEP-457_Class-File-API-Preview_PR-15706.md,OpenJDK_JEP-457_Class-File-API-Preview_PR-15706.md
jdk_11,OpenJDK_JEP-476_Module-Import-Declarations-Preview_PR-18614,OpenJDK_JEP-476_Module-Import-Declarations-Preview_PR-18614,jdk,openjdk,openjdk/jdk,11,OpenJDK,https://github.com/openjdk/jdk/pull/18614,2024-05-06,4e5c25ee43d4ec31ed5160fd93a2fd15e35182f8,https://openjdk.org/jeps/476,OpenJDK_JEP-476_Module-Import-Declarations-Preview_PR-18614.md,OpenJDK_JEP-476_Module-Import-Declarations-Preview_PR-18614.md
jdk_12,OpenJDK_JEP-502_Stable-Values-Preview_PR-23972,OpenJDK_JEP-502_Stable-Values-Preview_PR-23972,jdk,openjdk,openjdk/jdk,12,OpenJDK,https://github.com/openjdk/jdk/pull/23972,2025-04-30,290d24d16adcef6b9f0f5ac789b125fd7bac66a5,https://openjdk.org/jeps/502,OpenJDK_JEP-502_Stable-Values-Preview_PR-23972.md,OpenJDK_JEP-502_Stable-Values-Preview_PR-23972.md
jdk_13,OpenJDK_JEP-512_Compact-Source-Files-and-Instance-Main-Methods_PR-24438,OpenJDK_JEP-512_Compact-Source-Files-and-Instance-Main-Methods_PR-24438,jdk,openjdk,openjdk/jdk,13,OpenJDK,https://github.com/openjdk/jdk/pull/24438,2025-05-02,6b553acbaace0a61203305f36f70bb74d14a234f,https://openjdk.org/jeps/512,OpenJDK_JEP-512_Compact-Source-Files-and-Instance-Main-Methods_PR-24438.md,OpenJDK_JEP-512_Compact-Source-Files-and-Instance-Main-Methods_PR-24438.md
jdk_14,OpenJDK_JEP-516_AOT-Object-Caching-With-Any-GC_PR-27732,OpenJDK_JEP-516_AOT-Object-Caching-With-Any-GC_PR-27732,jdk,openjdk,openjdk/jdk,14,OpenJDK,https://github.com/openjdk/jdk/pull/27732,2025-11-07,167c952bb0fefb5acc9782f4f4474d92097c93f8,https://openjdk.org/jeps/516,OpenJDK_JEP-516_Ahead-of-Time-Object-Caching-with-Any-GC_PR-27732.md,OpenJDK_JEP-516_Ahead-of-Time-Object-Caching-with-Any-GC_PR-27732.md
opentofu_1,OpenTofu_PR-3606_dual-output-streams,OpenTofu_PR-3606_dual-output-streams,opentofu,opentofu,opentofu/opentofu,1,OpenTofu,https://github.com/opentofu/opentofu/pull/3606,2026-01-20,6b3119c5c71c0383e356819d8e2dc5fb07fa5bf7,https://github.com/opentofu/opentofu/pull/3606,OpenTofu_Issue-3303_PR-3606.md,OpenTofu_Issue-3303_PR-3606.md
opentofu_2,OpenTofu_PR-3794_keyprovider-json-references,OpenTofu_PR-3794_keyprovider-json-references,opentofu,opentofu,opentofu/opentofu,2,OpenTofu,https://github.com/opentofu/opentofu/pull/3794,2026-03-17,a67b885c1fde4fc760a5ae47a97882bce28567fd,https://github.com/opentofu/opentofu/pull/3794,OpenTofu_Issue-3789_PR-3794.md,OpenTofu_Issue-3789_PR-3794.md
opentofu_3,OpenTofu_PR-3871_language-block-and-required-version,OpenTofu_PR-3871_language-block-and-required-version,opentofu,opentofu,opentofu/opentofu,3,OpenTofu,https://github.com/opentofu/opentofu/pull/3871,2026-03-18,340f8d1fddb905407e08c96c6476b8d3fa164d5d,https://github.com/opentofu/opentofu/pull/3871,OpenTofu_Issue-3300_PR-3871.md,OpenTofu_Issue-3300_PR-3871.md
opentofu_4,OpenTofu_PR-4158_engine-providers-ephemeral-rework,OpenTofu_PR-4158_engine-providers-ephemeral-rework,opentofu,opentofu,opentofu/opentofu,4,OpenTofu,https://github.com/opentofu/opentofu/pull/4158,2026-05-28,ef00d6ed18854a9bcd3f140504aeab533b1f9b8d,https://github.com/opentofu/opentofu/pull/4158,OpenTofu_Issue-4059_PR-4158.md,OpenTofu_Issue-4059_PR-4158.md
pandas_1,Pandas_Copy-on-Write_PR-46958,Pandas_Copy-on-Write_PR-46958,pandas,pandas-dev,pandas-dev/pandas,1,Pandas,https://github.com/pandas-dev/pandas/pull/46958,2022-08-20,655d9f4fe7d9fed1aea7baaa0886be6017e08878,https://github.com/pandas-dev/pandas/pull/46958,Pandas_PDEP-7-Consistent-copy-view-semantics-in-pandas-with-Copy-o_PR-46958.md,Pandas_PDEP-7-Consistent-copy-view-semantics-in-pandas-with-Copy-o_PR-46958.md
php-src_1,PHP_PR-17213_fcc-in-const-expressions,PHP_PR-17213_fcc-in-const-expressions,php-src,php,php/php-src,1,PHP,https://github.com/php/php-src/pull/17213,2025-02-20,252dd1e9f0b2b5c013ebe6d6df103e7508ffff4e,https://github.com/php/php-src/pull/17213,PHP_RFC-fcc_in_const_expr_PR-17213.md,PHP_RFC-fcc_in_const_expr_PR-17213.md
php-src_2,PHP_PR-16952_attributes-on-constants,PHP_PR-16952_attributes-on-constants,php-src,php,php/php-src,2,PHP,https://github.com/php/php-src/pull/16952,2025-04-29,2fea4efa8f2821bf3cf767a73c1bef2c7b0a1791,https://github.com/php/php-src/pull/16952,PHP_RFC-attributes-on-constants_PR-16952.md,PHP_RFC-attributes-on-constants_PR-16952.md
php-src_3,PHP_PR-18817_delayed-target-validation-attribute,PHP_PR-18817_delayed-target-validation-attribute,php-src,php,php/php-src,3,PHP,https://github.com/php/php-src/pull/18817,2025-08-20,c98b1734307c361531e33e2820e4f6b1dc180293,https://github.com/php/php-src/pull/18817,PHP_RFC-delayedtargetvalidation_attribute_PR-18817.md,PHP_RFC-delayedtargetvalidation_attribute_PR-18817.md
php-src_4,PHP_PR-20296_tls-session-resumption,PHP_PR-20296_tls-session-resumption,php-src,php,php/php-src,4,PHP,https://github.com/php/php-src/pull/20296,2026-05-01,dc807bca6d2ea6463748b7398f7910841f96b7ea,https://github.com/php/php-src/pull/20296,PHP_RFC-tls_session_resumption_api_PR-20296.md,PHP_RFC-tls_session_resumption_api_PR-20296.md
presto_1,Presto_Issue-13751_Unnest-Optimizations_PR-13746,Presto_Issue-13751_Unnest-Optimizations_PR-13746,presto,prestodb,prestodb/presto,1,Presto,https://github.com/prestodb/presto/pull/13746,2020-04-20,ad004b74fd3412f4c9fb94d820e8a012b6450c14,https://github.com/prestodb/presto/issues/13751,Presto_Issue-13751_Unnest-Optimizations_PR-13746.md,Presto_Issue-13751_Unnest-Optimizations_PR-13746.md
prometheus_1,Prometheus_Native-Histograms-Prometheus_PR-11447,Prometheus_Native-Histograms-Prometheus_PR-11447,prometheus,prometheus,prometheus/prometheus,1,Prometheus,https://github.com/prometheus/prometheus/pull/11447,2022-10-26,51a44e6657c3963b3e80b61b08c94a476987c7f1,https://prometheus.io/docs/specs/native_histograms/,Prometheus_Native-Histograms-Prometheus_PR-11447.md,Prometheus_Native-Histograms-Prometheus_PR-11447.md
prometheus_2,Prometheus_PR-16457_anchored-smoothed-selectors,Prometheus_PR-16457_anchored-smoothed-selectors,prometheus,prometheus,prometheus/prometheus,2,Prometheus,https://github.com/prometheus/prometheus/pull/16457,2025-09-25,7416f33df5789a6423f46c36390d62e41a6a317d,https://github.com/prometheus/prometheus/pull/16457,Prometheus_Proposal-0052-extended-range-selectors_PR-16457.md,Prometheus_Proposal-0052-extended-range-selectors_PR-16457.md
prometheus_3,Prometheus_PR-17904_trim-native-histograms-operators,Prometheus_PR-17904_trim-native-histograms-operators,prometheus,prometheus,prometheus/prometheus,3,Prometheus,https://github.com/prometheus/prometheus/pull/17904,2026-02-24,d66944d856ca675d0eb826b058a93b1d7b07dc95,https://github.com/prometheus/prometheus/pull/17904,Prometheus_Issue-14651_PR-17904.md,Prometheus_Issue-14651_PR-17904.md
roslyn_1,Roslyn_simple-lambda-parameters-with-modifiers_PR-75400,Roslyn_simple-lambda-parameters-with-modifiers_PR-75400,roslyn,dotnet,dotnet/roslyn,1,Roslyn,https://github.com/dotnet/roslyn/pull/75400,2025-01-16,81afe9294c5f454462a9117f9221f67ac9d0b2d7,https://github.com/dotnet/csharplang/blob/main/proposals/csharp-14.0/simple-lambda-parameters-with-modifiers.md,Roslyn_simple-lambda-parameters-with-modifiers_PR-75400.md,Roslyn_simple-lambda-parameters-with-modifiers_PR-75400.md
ruff_1,Ruff_Issue-8368_Allow-override-of-configuration-options-via-the-CLI_PR-9599,Ruff_Issue-8368_Allow-override-of-configuration-options-via-the-CLI_PR-9599,ruff,astral-sh,astral-sh/ruff,1,Ruff,https://github.com/astral-sh/ruff/pull/9599,2024-02-09,b21ba71ef4b897cbb9e3c402f081887b650b6448,https://github.com/astral-sh/ruff/issues/8368,Ruff_Issue-8368_Allow-override-of-configuration-options-via-the-CLI_PR-9599.md,Ruff_Issue-8368_Allow-override-of-configuration-options-via-the-CLI_PR-9599.md
rust_1,Rust_RFC-3216-for-lifetime-binder_PR-98705,Rust_RFC-3216-for-lifetime-binder_PR-98705,rust,rust-lang,rust-lang/rust,1,Rust,https://github.com/rust-lang/rust/pull/98705,2022-07-14,1c7b36d4db582cb47513a6c7176baaec1c3346ab,https://github.com/rust-lang/rfcs/blob/master/text/3216-closure-lifetime-binder.md,Rust_3216-closure-lifetime-binder_PR-98705.md,Rust_3216-closure-lifetime-binder_PR-98705.md
rust_2,Rust_RFC-3624-supertrait-shadowing_PR-125782,Rust_RFC-3624-supertrait-shadowing_PR-125782,rust,rust-lang,rust-lang/rust,2,Rust,https://github.com/rust-lang/rust/pull/125782,2025-02-13,9fcc9cf4a202aadfe1f44722b39c83536eba3dba,https://github.com/rust-lang/rfcs/blob/master/text/3624-supertrait-item-shadowing.md,Rust_RFC-3624-supertrait-item-shadowing_PR-125782.md,Rust_RFC-3624-supertrait-item-shadowing_PR-125782.md
rust_3,Rust_RFC-3631-rustdoc-doc_cfg_PR-138907,Rust_RFC-3631-rustdoc-doc_cfg_PR-138907,rust,rust-lang,rust-lang/rust,3,Rust,https://github.com/rust-lang/rust/pull/138907,2025-09-27,959b450747f81e720be3a829665dd30e553e7fd7,https://github.com/rust-lang/rfcs/blob/master/text/3631-rustdoc-cfgs-handling.md,Rust_RFC-3631_rustdoc-cfgs-handling_PR-138907.md,Rust_RFC-3631_rustdoc-cfgs-handling_PR-138907.md
rust_4,Rust_RFC-3855-mitigation-enforcement_PR-149357,Rust_RFC-3855-mitigation-enforcement_PR-149357,rust,rust-lang,rust-lang/rust,4,Rust,https://github.com/rust-lang/rust/pull/149357,2026-04-14,17584a181979f04f2aaad867332c22db1caa511a,https://github.com/rust-lang/rfcs/blob/master/text/3855-mitigation-enforcement.md,Rust_RFC-3855-mitigation-enforcement_PR-149357.md,Rust_RFC-3855-mitigation-enforcement_PR-149357.md
scikit-learn_1,Scikit-learn_SLEP006_PR-24027,Scikit-learn_SLEP006_PR-24027,scikit-learn,scikit-learn,scikit-learn/scikit-learn,1,Scikit-learn,https://github.com/scikit-learn/scikit-learn/pull/24027,2023-06-02,849c2f10f56b908abd9abbbffca8941494cc0bb0,https://scikit-learn-enhancement-proposals.readthedocs.io/en/latest/slep006/proposal.html,Scikit-learn_SLEP006_PR-24027.md,Scikit-learn_SLEP006_PR-24027.md
TypeScript_1,TypeScript_Issue-47920_satisfies-operator-to-ensure-an-expression-matches-some-type-safe-upcast_PR-46827,TypeScript_Issue-47920_satisfies-operator-to-ensure-an-expression-matches-some-type-safe-upcast_PR-46827,TypeScript,microsoft,microsoft/TypeScript,1,TypeScript,https://github.com/microsoft/TypeScript/pull/46827,2022-08-26,07157914eb26a6e9abdcda7255c4094c9efff4cd,https://github.com/microsoft/TypeScript/issues/47920,TypeScript_Issue-47920_satisfies-operator-to-ensure-an-expression-matches-some-type-safe-upcast_PR-46827.md,TypeScript_Issue-47920_satisfies-operator-to-ensure-an-expression-matches-some-type-safe-upcast_PR-46827.md
TypeScript_2,TypeScript_PR-54505_Using-and-await-using-declarations,TypeScript_PR-54505_Using-and-await-using-declarations,TypeScript,microsoft,microsoft/TypeScript,2,TypeScript,https://github.com/microsoft/TypeScript/pull/54505,2023-06-22,d90eb0d731c3f74b131dcfafe69ef5341ed14934,https://github.com/tc39/proposal-explicit-resource-management,TypeScript_proposal-explicit-resource-management_PR-54505.md,TypeScript_proposal-explicit-resource-management_PR-54505.md
TypeScript_3,TypeScript_PR-58640_Arbitrary-Module-Namespace-Identifiers,TypeScript_PR-58640_Arbitrary-Module-Namespace-Identifiers,TypeScript,microsoft,microsoft/TypeScript,3,TypeScript,https://github.com/microsoft/TypeScript/pull/58640,2024-06-04,112e860602b2b46f7a1f179a8f6357f6e4db2370,https://github.com/tc39/ecma262/pull/2154,TypeScript_arbitrary-module-namespace-identifier-names_PR-58640.md,TypeScript_arbitrary-module-namespace-identifier-names_PR-58640.md
TypeScript_4,TypeScript_PR-60757_import-defer,TypeScript_PR-60757_import-defer,TypeScript,microsoft,microsoft/TypeScript,4,TypeScript,https://github.com/microsoft/TypeScript/pull/60757,2025-06-06,cd341998a98b71275d4b4d6f41c08d9d0eb75d93,https://github.com/microsoft/TypeScript/pull/60757,TypeScript_defer-import-eval_PR-60757.md,TypeScript_defer-import-eval_PR-60757.md
vitess_1,Vitess_PR-11456_viper-config-framework,Vitess_PR-11456_viper-config-framework,vitess,vitessio,vitessio/vitess,1,Vitess,https://github.com/vitessio/vitess/pull/11456,2023-05-25,0c704233069d6aa2a7ebc989235a08713ba0b4e6,https://github.com/vitessio/vitess/pull/11456,Vitess_Issue-11788_phase-4-Viper-Framework_PR-11456.md,Vitess_Issue-11788_phase-4-Viper-Framework_PR-11456.md
